file_extension,size_before_kb,size_after_kb,time_gap_seconds,files_modified_in_window,filename_entropy,process_type,label,size_change_ratio,is_executable,high_entropy_flag,mass_change_flag
.zip,4855,2366,83,76,7.16,user_edit,benign,0.4873326466555442,0,1,1
.log,3178,1526,2995,139,4.28,user_edit,benign,0.4801762113026507,0,1,1
.exe,2129,4477,2947,101,4.21,unknown_process,benign,2.1028651939394716,1,1,1
.zip,2181,1647,1450,89,4.15,system_update,benign,0.7551581839728757,0,1,1
.docx,4893,14,1299,18,2.38,system_update,benign,0.0028612303284567277,0,0,1
.exe,138,4600,2332,19,5.51,backup,benign,33.333333091787445,1,1,1
.exe,3473,2279,980,55,6.03,system_update,benign,0.6562050098887979,1,1,1
.zip,2833,3156,2221,102,5.72,system_update,benign,1.1140134129495187,0,1,1
.pdf,3580,130,3399,118,2.76,system_update,benign,0.03631284915186792,0,0,1
.docx,3032,3815,3135,154,5.18,backup,benign,1.2582453821707635,0,1,1
.zip,4165,4934,3145,134,5.13,user_edit,benign,1.1846338532569907,0,1,1
.docx,2594,3217,2811,4,6.78,system_update,benign,1.240169621726997,0,1,0
.docx,4301,2939,1660,108,4.09,backup,benign,0.6833294581066427,0,1,1
.exe,3819,3929,1399,115,4.04,backup,benign,1.028803351393348,1,1,1
.log,4139,2041,633,29,5.4,unknown_process,benign,0.4931142786921685,0,1,1
.docx,3824,28,1532,59,5.48,backup,benign,0.0073221757303027785,0,1,1
.jpg,4043,2114,787,125,4.58,user_edit,benign,0.5228790500809105,0,1,1
.exe,1907,1253,2991,98,4.44,system_update,benign,0.6570529624241987,1,1,1
.pdf,761,4357,3060,17,4.72,backup,benign,5.725361359099394,0,1,1
.log,3446,2047,398,107,6.74,user_edit,benign,0.5940220543836268,0,1,1
.jpg,900,4556,1144,43,4.54,backup,benign,5.062222216597531,0,1,1
.jpg,4456,4024,934,80,7.17,backup,benign,0.9030520644292971,0,1,1
.pdf,2948,4397,1461,194,4.77,backup,benign,1.4915196738495524,0,1,1
.log,1720,3375,1853,162,7.22,backup,benign,1.962209301184762,0,1,1
.exe,281,3467,2724,8,6.58,backup,benign,12.338078247907195,1,1,0
.txt,3267,3082,2984,141,3.99,user_edit,benign,0.9433731249025488,0,0,1
.log,1888,3779,2513,106,6.75,system_update,benign,2.001588981990684,0,1,1
.pdf,3267,630,286,8,2.61,system_update,benign,0.19283746550571246,0,0,0
.jpg,667,270,265,96,7.09,system_update,benign,0.40479760059250736,0,1,1
.exe,4189,2640,2368,94,5.47,system_update,benign,0.6302220098758123,1,1,1
.log,672,1994,2721,65,2.3,user_edit,benign,2.9672619003463363,0,0,1
.txt,1970,2892,3448,171,5.54,unknown_process,malicious,1.46802030382334,0,1,1
.txt,4157,4958,2868,39,7.36,unknown_process,benign,1.1926870336317807,0,1,1
.docx,3123,3433,2137,81,2.38,user_edit,benign,1.0992635283063519,0,0,1
.docx,4700,1281,1678,187,5.05,user_edit,benign,0.27255319143137163,0,1,1
.zip,4778,2361,1227,84,6.11,backup,benign,0.49413980734739643,0,1,1
.pdf,3901,576,821,88,6.46,backup,benign,0.1476544475396938,0,1,1
.log,524,1308,1763,86,4.28,backup,benign,2.496183201343162,0,1,1
.log,2394,3193,3049,93,3.12,system_update,benign,1.3337510437202378,0,0,1
.zip,3118,3179,2382,86,2.23,backup,benign,1.0195638226364452,0,0,1
.jpg,2594,2735,2270,44,5.19,unknown_process,benign,1.0543562062242267,0,1,1
.jpg,1969,2213,41,137,4.49,system_update,benign,1.1239207713946566,0,1,1
.zip,1754,2353,1732,165,7.22,backup,benign,1.341505130364022,0,1,1
.jpg,2297,3569,68,74,2.33,system_update,benign,1.553765780777638,0,0,1
.docx,2262,1656,988,36,5.77,unknown_process,benign,0.7320954903925307,0,1,1
.log,2287,1580,1800,101,2.14,backup,benign,0.69086139016578,0,0,1
.zip,4203,2204,2562,156,2.94,unknown_process,benign,0.5243873422497294,0,0,1
.log,2879,1391,1622,170,4.49,unknown_process,benign,0.48315387270470517,0,1,1
.txt,4144,1743,1656,171,4.5,unknown_process,benign,0.42060810800660997,0,1,1
.docx,3645,1926,3199,170,5.77,backup,benign,0.5283950615834307,0,1,1
.exe,4433,620,1279,104,7.01,user_edit,benign,0.13986013982859008,1,1,1
.docx,2056,1275,695,66,5.51,backup,benign,0.6201361864688054,0,1,1
.zip,4721,957,3088,55,7.24,unknown_process,malicious,0.20271128993799803,0,1,1
.exe,1277,1940,2525,176,6.85,backup,benign,1.519185590039792,1,1,1
.txt,2767,3954,1086,91,5.21,unknown_process,benign,1.428984459187212,0,1,1
.zip,303,2382,2929,22,6.59,user_edit,benign,7.861386112668693,0,1,1
.pdf,639,969,2480,101,5.53,system_update,benign,1.5164319225094962,0,1,1
.log,56,1317,1694,155,2.43,user_edit,benign,23.517856722895417,0,0,1
.txt,4822,1044,2316,121,6.07,user_edit,benign,0.216507673119762,0,1,1
.log,526,282,1059,93,2.52,system_update,benign,0.5361216719845595,0,0,1
.jpg,4570,2845,779,195,5.27,backup,benign,0.6225382930804073,0,1,1
.pdf,4124,1059,494,108,5.86,system_update,benign,0.2567895246710015,0,1,1
.pdf,2126,4294,1586,141,2.37,backup,benign,2.019755408269165,0,0,1
.txt,3288,2533,1493,173,3.27,backup,benign,0.7703771287194717,0,0,1
.pdf,365,3829,1791,10,7.04,unknown_process,benign,10.490410930163257,0,1,0
.exe,4622,1009,661,9,5.39,unknown_process,benign,0.21830376455683603,1,1,0
.pdf,4979,1230,1349,182,3.35,system_update,benign,0.24703755769290267,0,0,1
.log,1647,1036,1328,155,5.8,user_edit,benign,0.6290224647061187,0,1,1
.log,919,4586,1300,34,5.28,system_update,benign,4.990206741033507,0,1,1
.zip,2798,276,1987,129,4.76,backup,benign,0.09864188702693286,0,1,1
.log,1532,2741,3061,160,7.37,unknown_process,malicious,1.7891644896937566,0,1,1
.zip,3346,2290,2045,89,5.76,system_update,benign,0.6843992825211,0,1,1
.log,1907,1240,3273,93,4.06,system_update,benign,0.6502359723910666,0,1,1
.exe,3087,126,3517,71,6.4,unknown_process,malicious,0.04081632651739024,1,1,1
.zip,4581,4066,1929,67,6.87,unknown_process,malicious,0.88757913100031,0,1,1
.docx,2076,4313,1348,148,2.69,unknown_process,benign,2.077552985511776,0,0,1
.jpg,714,3869,1059,117,3.1,backup,benign,5.418767499413491,0,0,1
.txt,1063,1209,977,94,3.19,unknown_process,benign,1.1373471296920534,0,0,1
.log,1977,3250,482,163,5.8,user_edit,benign,1.6439049055923596,0,1,1
.pdf,1297,919,728,99,5.32,system_update,benign,0.7085582107104408,0,1,1
.log,126,3924,2528,113,5.4,unknown_process,benign,31.14285689569161,0,1,1
.pdf,4633,4404,3137,103,7.17,unknown_process,malicious,0.9505719833907679,0,1,1
.jpg,3597,1970,1032,91,6.27,backup,benign,0.5476786209208566,0,1,1
.jpg,3284,2794,3373,90,2.7,backup,benign,0.8507917171587115,0,0,1
.jpg,1604,892,343,17,3.91,system_update,benign,0.5561097253390836,0,0,1
.pdf,67,4471,3503,18,4.39,user_edit,benign,66.73134228759191,0,1,1
.log,233,2034,1448,173,4.18,system_update,benign,8.729613696439426,0,1,1
.jpg,2157,1365,2380,116,5.68,unknown_process,malicious,0.6328233654924325,0,1,1
.exe,1170,129,2486,93,6.91,user_edit,benign,0.110256410162174,1,1,1
.zip,2159,1015,2222,181,3.68,user_edit,benign,0.47012505767942336,0,0,1
.pdf,4207,1800,2607,91,5.04,user_edit,benign,0.4278583312508062,0,1,1
.pdf,1494,4613,527,82,6.34,user_edit,benign,3.0876840675450574,0,1,1
.log,4719,1519,1897,68,4.29,system_update,benign,0.3218902309129285,0,1,1
.pdf,4008,4182,659,193,2.92,backup,benign,1.043413173392362,0,0,1
.pdf,2473,1199,2074,114,4.61,backup,benign,0.4848362311019668,0,1,1
.jpg,2661,3874,820,1,2.3,unknown_process,benign,1.4558436672469586,0,0,0
.log,2740,2475,2653,58,7.18,backup,benign,0.9032846712031808,0,1,1
.jpg,1762,3486,406,154,2.41,backup,benign,1.9784335970610478,0,0,1
.zip,3515,4050,2280,109,4.41,backup,benign,1.1522048360875663,0,1,1
.zip,1976,3720,2581,148,4.91,backup,benign,1.8825910921646805,0,1,1
.jpg,2363,303,1574,116,7.42,unknown_process,malicious,0.1282268302462011,0,1,1
.zip,877,3953,1812,87,2.91,system_update,benign,4.5074116254191425,0,0,1
.log,3813,4684,505,10,2.63,user_edit,benign,1.2284290581619646,0,0,0
.txt,3449,987,179,59,2.05,backup,benign,0.28616990423712096,0,0,1
.jpg,1313,1864,132,41,2.86,system_update,benign,1.4196496561921936,0,0,1
.exe,1461,4441,1847,105,3.14,backup,benign,3.039698834332855,1,0,1
.exe,2710,4910,1479,133,5.47,backup,benign,1.811808117412617,1,1,1
.pdf,2325,3073,2396,122,3.21,user_edit,benign,1.321720429539045,0,0,1
.zip,1734,3125,2588,193,2.11,user_edit,benign,1.8021914637818963,0,0,1
.exe,1606,1328,772,145,6.55,user_edit,benign,0.8268991277541101,1,1,1
.pdf,2564,2409,1430,22,4.01,backup,benign,0.9395475815368379,0,1,1
.txt,3422,3674,2124,98,3.95,backup,benign,1.0736411452151837,0,0,1
.log,3518,3292,579,169,3.66,backup,benign,0.9357589536851169,0,0,1
.log,2398,4034,2902,68,7.36,user_edit,benign,1.682235195295148,0,1,1
.log,3736,704,1516,197,2.94,unknown_process,benign,0.18843683078467965,0,0,1
.exe,2871,575,194,139,6.94,system_update,benign,0.20027864848475144,1,1,1
.txt,1161,3233,2008,56,6.27,unknown_process,malicious,2.784668386921043,0,1,1
.exe,4855,4784,1186,179,2.42,backup,benign,0.9853759009298916,1,0,1
.zip,243,2633,2395,149,7.43,backup,benign,10.835390901911971,0,1,1
.exe,2591,3829,2999,99,3.49,unknown_process,benign,1.4778077956473148,1,0,1
.txt,1064,3231,1385,76,2.54,backup,benign,3.0366541324843475,0,0,1
.txt,4325,489,1793,26,6.56,system_update,benign,0.11306358378888702,0,1,1
.zip,2596,1348,1111,115,5.89,backup,benign,0.5192604004163096,0,1,1
.txt,920,3682,3334,147,5.39,system_update,benign,4.0021739086932895,0,1,1
.txt,6,3174,2262,109,2.86,unknown_process,benign,528.999911833348,0,0,1
.log,468,4590,1937,188,4.63,unknown_process,benign,9.8076922867357,0,1,1
.zip,4171,1668,2621,199,6.29,backup,benign,0.39990409964039697,0,1,1
.docx,4,1638,780,47,3.67,system_update,benign,409.4998976250256,0,0,1
.docx,646,4115,262,71,3.71,backup,benign,6.369969030387045,0,0,1
.txt,118,3554,730,154,2.02,user_edit,benign,30.118643812553866,0,0,1
.docx,2929,1001,283,40,2.96,user_edit,benign,0.3417548650250069,0,0,1
.docx,2552,851,1491,133,6.81,user_edit,benign,0.3334639497125925,0,1,1
.txt,4290,1389,3452,149,4.43,user_edit,benign,0.32377622370075143,0,1,1
.docx,847,3713,362,132,7.41,backup,benign,4.383707196713451,0,1,1
.exe,2763,1368,3521,23,4.18,user_edit,benign,0.49511400633546365,1,1,1
.pdf,1142,822,441,106,5.93,system_update,benign,0.7197898417514974,0,1,1
.zip,1811,455,2141,84,3.55,unknown_process,benign,0.25124240737093184,0,0,1
.pdf,724,1625,1645,143,4.0,unknown_process,benign,2.2444751350214434,0,0,1
.txt,225,2773,2801,116,3.05,user_edit,benign,12.324444389669136,0,0,1
.log,4628,3727,867,109,3.91,user_edit,benign,0.8053154708717987,0,0,1
.zip,4209,3148,1448,136,5.01,user_edit,benign,0.7479211212288142,0,1,1
.txt,4655,4090,142,41,7.45,backup,benign,0.8786251340754833,0,1,1
.log,2049,4807,1315,112,5.65,unknown_process,malicious,2.3460224488306385,0,1,1
.pdf,4750,2191,1456,147,3.1,user_edit,benign,0.4612631577976288,0,0,1
.txt,4416,917,2797,112,2.25,system_update,benign,0.20765398546022326,0,0,1
.zip,1574,3987,1876,103,2.69,user_edit,benign,2.533036847183585,0,0,1
.zip,1829,2876,1848,46,5.09,unknown_process,benign,1.57244395758751,0,1,1
.jpg,1918,1441,1713,156,6.21,user_edit,benign,0.751303440692751,0,1,1
.exe,4235,4401,2701,68,7.17,unknown_process,malicious,1.0391971662245105,1,1,1
.docx,2027,736,701,122,2.09,user_edit,benign,0.3630981744631977,0,0,1
.log,3745,3569,998,15,4.88,system_update,benign,0.9530040050859803,0,1,1
.jpg,902,3339,2097,165,4.59,user_edit,benign,3.701773831816215,0,1,1
.docx,4786,3016,1326,129,5.61,system_update,benign,0.6301713329230733,0,1,1
.docx,2040,2890,881,195,5.08,system_update,benign,1.4166666659722222,0,1,1
.txt,10,962,1214,111,5.78,user_edit,benign,96.19999038000097,0,1,1
.docx,261,2990,1160,24,5.62,system_update,benign,11.455938653425523,0,1,1
.exe,1674,3849,555,27,2.64,backup,benign,2.299283152748337,1,0,1
.zip,2220,1027,404,40,6.4,user_edit,benign,0.4626126124042286,0,1,1
.jpg,2061,3866,892,191,2.68,user_edit,benign,1.8757884512975311,0,0,1
.docx,3714,2864,2913,189,5.84,system_update,benign,0.7711362410416973,0,1,1
.txt,1620,2502,602,164,4.29,system_update,benign,1.5444444434910836,0,1,1
.exe,321,1948,1831,24,4.83,user_edit,benign,6.068535806640075,1,1,1
.pdf,1343,1178,341,24,6.97,backup,benign,0.8771407290564849,0,1,1
.zip,2377,4761,1969,4,6.89,system_update,benign,2.002944887672299,0,1,0
.zip,2833,12,704,67,6.5,system_update,benign,0.004235792444674976,0,1,1
.jpg,2825,4400,318,34,4.81,unknown_process,benign,1.55752212334247,0,1,1
.zip,1995,3365,2666,185,6.05,backup,benign,1.6867167911344778,0,1,1
.docx,2959,3023,1387,177,4.82,backup,benign,1.0216289283468643,0,1,1
.txt,2039,3372,2430,181,6.78,user_edit,benign,1.6537518383257714,0,1,1
.zip,3491,2831,2281,116,4.22,backup,benign,0.8109424231420962,0,1,1
.zip,3678,43,1801,23,7.34,user_edit,benign,0.01169113648404265,0,1,1
.pdf,1119,944,1368,109,7.13,unknown_process,malicious,0.8436103656446734,0,1,1
.pdf,1605,2391,1573,69,6.08,backup,benign,1.48971962524005,0,1,1
.log,4028,2546,817,95,3.54,system_update,benign,0.6320754715411928,0,0,1
.exe,236,2412,553,181,2.72,unknown_process,benign,10.220338939744327,1,0,1
.docx,1970,4987,856,62,6.7,user_edit,benign,2.5314720799332626,0,1,1
.zip,4430,1005,1813,169,2.91,unknown_process,benign,0.2268623024318595,0,0,1
.zip,1909,21,2867,57,6.7,user_edit,benign,0.011000523828705854,0,1,1
.txt,376,407,183,188,4.7,unknown_process,benign,1.0824468056317904,0,1,1
.log,3531,1015,3113,54,4.24,user_edit,benign,0.28745397896135544,0,1,1
.exe,2636,4432,1575,70,6.97,backup,benign,1.6813353559630746,1,1,1
.log,1571,1839,397,101,5.32,system_update,benign,1.170591978885683,0,1,1
.jpg,2561,3189,1728,57,5.17,user_edit,benign,1.2452167117355655,0,1,1
.exe,3392,715,2827,138,5.07,unknown_process,benign,0.21079009427747936,1,1,1
.zip,2966,4147,1518,168,4.04,user_edit,benign,1.3981793656782944,0,1,1
.zip,3644,3855,907,135,6.32,user_edit,benign,1.0579034025636929,0,1,1
.exe,3851,4420,1357,103,3.39,user_edit,benign,1.1477538298759404,1,0,1
.zip,873,4885,2175,166,7.16,unknown_process,malicious,5.595647187175662,0,1,1
.docx,1253,141,1,85,6.92,system_update,benign,0.11252992808257786,0,1,1
.exe,1315,4566,3240,61,3.86,backup,benign,3.472243343367115,1,0,1
.log,4821,4883,19,3,6.01,system_update,benign,1.0128604021960463,0,1,0
.exe,2899,964,3404,128,5.15,user_edit,benign,0.3325284579742917,1,1,1
.zip,78,373,584,179,3.86,unknown_process,benign,4.782051220742933,0,0,1
.docx,2622,3636,456,86,7.44,system_update,benign,1.3867276882583037,0,1,1
.docx,4228,2542,3005,47,2.14,user_edit,benign,0.6012298957896807,0,0,1
.jpg,601,3611,2037,196,3.39,backup,benign,6.008319457556873,0,0,1
.log,1066,1693,1133,76,4.86,backup,benign,1.5881801110805063,0,1,1
.pdf,2137,106,3340,38,4.87,backup,benign,0.04960224611623667,0,1,1
.pdf,2450,1682,2493,164,5.24,user_edit,benign,0.6865306119646815,0,1,1
.exe,2344,4098,3312,169,6.13,unknown_process,malicious,1.748293514612503,1,1,1
.jpg,1864,4017,1953,197,5.43,system_update,benign,2.1550429172987964,0,1,1
.txt,1319,2637,3373,141,5.3,backup,benign,1.9992418483705519,0,1,1
.exe,4712,2138,2650,87,2.29,user_edit,benign,0.45373514421610034,1,0,1
.jpg,3598,3417,2151,58,4.07,user_edit,benign,0.9496942743330478,0,1,1
.log,3763,4446,988,50,3.28,system_update,benign,1.181504118739967,0,0,1
.log,4671,3531,3322,30,3.46,backup,benign,0.755940911848439,0,0,1
.log,2191,1287,3525,190,5.05,user_edit,benign,0.587403012055042,0,1,1
.log,993,3180,520,101,3.1,system_update,benign,3.202416915204011,0,0,1
.log,2713,3655,3225,25,3.62,unknown_process,benign,1.3472171023416082,0,0,1
.jpg,2193,2360,859,112,3.3,unknown_process,benign,1.0761513902981525,0,0,1
.jpg,1249,445,174,155,7.22,unknown_process,malicious,0.3562850277371617,0,1,1
.docx,3055,36,1367,179,7.2,backup,benign,0.011783960716273663,0,1,1
.pdf,4599,1476,3053,185,5.35,system_update,benign,0.32093933456818013,0,1,1
.zip,4034,3958,2479,126,7.08,system_update,benign,0.9811601385768072,0,1,1
.log,1998,1799,727,123,6.32,user_edit,benign,0.9004003999497495,0,1,1
.txt,4917,1846,1711,47,5.24,user_edit,benign,0.3754321740135383,0,1,1
.zip,3688,1409,1876,118,2.04,user_edit,benign,0.38204989143653745,0,0,1
.jpg,2152,1709,2898,39,6.25,system_update,benign,0.794144981043613,0,1,1
.txt,4019,2939,1682,16,5.86,user_edit,benign,0.7312764367426533,0,1,1
.txt,3111,1301,1348,22,5.38,system_update,benign,0.418193506776537,0,1,1
.txt,1971,1244,990,54,6.18,system_update,benign,0.6311516993246312,0,1,1
.docx,198,3977,2687,149,4.82,unknown_process,benign,20.085858484414857,0,1,1
.jpg,2627,3098,420,16,5.87,user_edit,benign,1.1792919675754503,0,1,1
.txt,1203,4617,594,59,7.14,unknown_process,malicious,3.8379052337174517,0,1,1
.log,2036,10,2533,31,4.07,backup,benign,0.004911591353186841,0,1,1
.exe,478,2426,1775,170,5.89,backup,benign,5.075313796913569,1,1,1
.txt,1255,1661,2460,32,4.62,backup,benign,1.323505975041031,0,1,1
.docx,923,2632,936,187,5.71,system_update,benign,2.8515709611575613,0,1,1
.zip,420,4816,1108,162,6.2,system_update,benign,11.46666663936508,0,1,1
.jpg,2205,1073,1137,9,2.25,system_update,benign,0.48662131497205385,0,0,0
.docx,2598,3226,332,139,5.56,user_edit,benign,1.241724402909267,0,1,1
.txt,1121,4955,3450,10,3.25,unknown_process,benign,4.42016056697577,0,0,0
.jpg,3069,1317,2703,17,5.69,system_update,benign,0.42913000963534376,0,1,1
.exe,951,4146,2089,68,4.58,unknown_process,benign,4.359621446519851,1,1,1
.txt,2337,3684,1794,48,6.25,unknown_process,benign,1.5763799736515276,0,1,1
.docx,2244,3274,959,180,2.68,unknown_process,benign,1.4590017818810153,0,0,1
.pdf,2646,146,105,111,5.44,user_edit,benign,0.055177626585344815,0,1,1
.log,1858,3041,202,153,3.53,user_edit,benign,1.6367061347488125,0,0,1
.zip,4613,1463,2498,123,6.69,backup,benign,0.317147192647486,0,1,1
.docx,1866,4677,1843,149,7.11,backup,benign,2.506430866823992,0,1,1
.jpg,2913,1585,1867,101,7.48,unknown_process,malicious,0.5441125985087152,0,1,1
.txt,2854,483,1997,102,6.38,backup,benign,0.16923615971645545,0,1,1
.log,4911,3180,1290,65,6.15,unknown_process,malicious,0.6475259619939877,0,1,1
.txt,3229,1250,910,191,3.19,user_edit,benign,0.3871167542932435,0,0,1
.jpg,3720,4769,210,51,3.85,user_edit,benign,1.2819892469672072,0,0,1
.txt,3229,631,563,36,4.56,user_edit,benign,0.19541653756722932,0,1,1
.pdf,2372,662,3190,81,6.25,system_update,benign,0.27908937593630295,0,1,1
.log,2892,3504,2761,127,7.03,unknown_process,malicious,1.2116182568424556,0,1,1
.log,3757,2853,3449,88,3.04,user_edit,benign,0.75938248582396,0,0,1
.jpg,4226,2467,1564,194,7.07,unknown_process,malicious,0.5837671555646552,0,1,1
.zip,95,988,771,104,5.83,backup,benign,10.399999890526317,0,1,1
.pdf,2675,1547,3156,15,5.36,backup,benign,0.5783177567931522,0,1,1
.docx,1956,650,2502,96,3.1,user_edit,benign,0.3323108382759147,0,0,1
.txt,794,969,2715,167,2.31,unknown_process,benign,1.2204030211329937,0,0,1
.exe,1835,2638,629,123,5.13,user_edit,benign,1.4376021790530777,1,1,1
.txt,2117,1101,3586,198,5.58,backup,benign,0.5200755784033654,0,1,1
.txt,4107,441,1629,1,3.16,user_edit,benign,0.10737764789204342,0,0,0
.docx,3326,770,1702,151,5.06,unknown_process,benign,0.23150932043550532,0,1,1
.txt,2920,1344,387,122,6.71,backup,benign,0.46027397244511165,0,1,1
.pdf,2598,4359,1936,167,6.59,system_update,benign,1.6778290986613438,0,1,1
.pdf,3206,3730,3422,126,7.1,backup,benign,1.1634435429933114,0,1,1
.log,4808,3907,2344,57,4.01,system_update,benign,0.8126039931754151,0,1,1
.jpg,815,1578,2306,81,3.75,user_edit,benign,1.9361963166427039,0,0,1
.zip,346,4009,1105,162,6.12,user_edit,benign,11.586705168824551,0,1,1
.exe,2350,3352,268,169,4.37,unknown_process,benign,1.4263829781164328,1,1,1
.txt,363,4796,2467,73,2.48,system_update,benign,13.212121175724183,0,0,1
.txt,2444,2350,2283,141,3.56,user_edit,benign,0.9615384611450334,0,0,1
.docx,2266,3603,1857,70,4.3,system_update,benign,1.5900264776743043,0,1,1
.jpg,2189,1242,3383,6,3.61,user_edit,benign,0.5673823661181442,0,0,0
.pdf,3006,1126,1999,84,3.83,backup,benign,0.37458416487871454,0,0,1
.exe,3282,2602,3034,52,3.62,user_edit,benign,0.792809262403166,1,0,1
.log,985,1191,1381,3,2.23,unknown_process,benign,1.209137054610013,0,0,0
.pdf,1640,4132,1237,81,5.5,backup,benign,2.5195121935856633,0,1,1
.jpg,828,4840,574,63,5.29,unknown_process,benign,5.845410620959649,0,1,1
.zip,2731,4449,49,49,5.59,backup,benign,1.6290735988176224,0,1,1
.log,3532,73,1151,76,3.06,system_update,benign,0.020668176664589984,0,0,1
.zip,4452,1915,223,112,3.63,unknown_process,benign,0.4301437555188356,0,0,1
.docx,2936,2473,2969,175,5.41,user_edit,benign,0.8423024520291885,0,1,1
.docx,3877,3047,3351,109,5.3,system_update,benign,0.7859169458896268,0,1,1
.txt,127,708,1432,183,4.78,user_edit,benign,5.574803105710212,0,1,1
.zip,3178,1805,1529,192,3.93,backup,benign,0.5679672748370147,0,0,1
.jpg,3057,3714,3366,65,7.02,backup,benign,1.2149165844897232,0,1,1
.exe,604,2565,1820,81,3.87,user_edit,benign,4.246688734690912,1,0,1
.log,3450,2476,2325,195,4.51,user_edit,benign,0.7176811592122664,0,1,1
.pdf,4147,3611,1462,15,5.73,system_update,benign,0.8707499395054858,0,1,1
.jpg,3534,4256,1131,100,4.99,user_edit,benign,1.2043010749280416,0,1,1
.jpg,3368,2824,1682,32,3.91,unknown_process,benign,0.8384798097272923,0,0,1
.docx,3369,1736,2468,96,4.4,unknown_process,benign,0.5152864349910102,0,1,1
.zip,3798,1586,2659,128,6.37,user_edit,benign,0.41758820420811266,0,1,1
.txt,1793,67,3501,196,3.53,unknown_process,benign,0.0373675404141843,0,0,1
.txt,2862,3062,375,146,2.78,user_edit,benign,1.0698812015828507,0,0,1
.log,3477,2429,2121,113,3.72,system_update,benign,0.6985907389420216,0,0,1
.docx,3418,4154,2022,83,6.67,unknown_process,malicious,1.2153306023360648,0,1,1
.jpg,1646,342,1054,43,2.49,unknown_process,benign,0.20777642757729256,0,0,1
.exe,1206,2775,3260,116,7.45,user_edit,benign,2.3009950229676654,1,1,1
.docx,3031,2818,3436,163,4.98,unknown_process,benign,0.929726162675775,0,1,1
.log,2873,2662,1890,78,7.42,backup,benign,0.9265576049681318,0,1,1
.log,3073,1233,1824,58,7.16,system_update,benign,0.40123657650464156,0,1,1
.docx,1855,3875,1475,33,4.49,system_update,benign,2.0889487859358766,0,1,1
.log,4022,2402,2243,14,3.09,unknown_process,benign,0.5972153156148147,0,0,1
.docx,4663,1495,1180,162,2.91,unknown_process,benign,0.3206090498990759,0,0,1
.pdf,2709,4212,3244,189,3.32,backup,benign,1.5548172751735632,0,0,1
.docx,3503,662,2895,132,5.91,backup,benign,0.18898087348302003,0,1,1
.zip,1333,3884,1065,59,3.5,unknown_process,benign,2.913728429922184,0,0,1
.docx,202,3620,3135,157,3.88,unknown_process,benign,17.92079199049113,0,0,1
.log,3508,1869,2071,83,4.47,backup,benign,0.5327822119347827,0,1,1
.zip,4213,2335,360,134,7.02,user_edit,benign,0.5542368856980211,0,1,1
.log,575,3375,3147,121,3.04,backup,benign,5.869565207183365,0,0,1
.txt,537,1017,2608,177,2.03,user_edit,benign,1.8938547450766205,0,0,1
.txt,1626,4407,2720,168,2.33,system_update,benign,2.710332101654162,0,0,1
.zip,2123,208,2042,83,6.98,system_update,benign,0.09797456424965871,0,1,1
.pdf,386,2666,1142,193,5.56,backup,benign,6.906735733402239,0,1,1
.txt,3282,2494,1636,197,3.5,user_edit,benign,0.7599024982450023,0,0,1
.docx,475,633,1404,27,2.97,backup,benign,1.3326315761418284,0,0,1
.log,418,2103,1944,80,3.62,backup,benign,5.031100466432774,0,0,1
.txt,3601,2960,679,134,2.63,user_edit,benign,0.8219938903576801,0,0,1
.txt,955,3084,3362,13,7.18,backup,benign,3.2293193683462627,0,1,1
.pdf,4972,4753,2488,64,6.31,system_update,benign,0.9559533385044341,0,1,1
.zip,4859,1932,2981,190,4.54,unknown_process,benign,0.39761267742382944,0,1,1
.zip,1206,3720,7,147,6.76,unknown_process,malicious,3.084577111870168,0,1,1
.jpg,4760,2563,3268,80,3.37,backup,benign,0.5384453780381417,0,0,1
.pdf,4121,1680,2469,123,5.94,user_edit,benign,0.4076680416385178,0,1,1
.docx,1991,237,1592,43,6.71,user_edit,benign,0.11903566041233768,0,1,1
.zip,4806,4444,833,89,3.96,system_update,benign,0.9246774862828385,0,0,1
.log,3573,4726,3265,148,6.17,user_edit,benign,1.3226980125041428,0,1,1
.pdf,4381,1541,2607,95,3.62,user_edit,benign,0.35174617659170365,0,0,1
.txt,4159,3944,3220,196,3.64,system_update,benign,0.9483048807529922,0,0,1
.log,4758,364,1811,172,2.59,backup,benign,0.0765027322243584,0,0,1
.log,2714,2369,3274,151,4.42,unknown_process,benign,0.8728813556105817,0,1,1
.txt,2204,286,3516,2,6.01,system_update,benign,0.12976406527687656,0,1,0
.pdf,3121,149,914,120,7.17,backup,benign,0.04774110860373563,0,1,1
.txt,967,4038,2012,22,5.32,system_update,benign,4.175801443458323,0,1,1
.jpg,4945,4552,1443,115,6.75,backup,benign,0.9205257834336651,0,1,1
.log,3433,1767,1451,57,6.52,system_update,benign,0.5147101658856074,0,1,1
.exe,689,4896,3055,72,2.95,backup,benign,7.105950642807039,1,0,1
.exe,4244,1013,1503,7,4.67,system_update,benign,0.23868991511812204,1,1,0
.docx,3702,2832,3547,184,2.64,backup,benign,0.7649918960656424,0,0,1
.zip,342,2508,126,119,5.75,system_update,benign,7.333333311890838,0,1,1
.txt,1725,1524,2443,195,7.22,unknown_process,malicious,0.8834782603574038,0,1,1
.txt,4423,2786,817,114,2.75,unknown_process,benign,0.6298892153222045,0,0,1
.docx,1793,2557,2929,16,6.04,user_edit,benign,1.4261015050607353,0,1,1
.docx,1760,3726,1830,83,5.48,backup,benign,2.1170454533425875,0,1,1
.docx,3213,4577,576,179,5.21,system_update,benign,1.4245253652584733,0,1,1
.log,990,1602,2373,72,4.15,backup,benign,1.6181818165472912,0,1,1
.jpg,2263,2409,1416,124,3.95,unknown_process,benign,1.0645161285618576,0,0,1
.txt,2483,341,930,113,2.25,backup,benign,0.13733387026285387,0,0,1
.log,952,2818,1464,12,3.2,system_update,benign,2.9600840305041136,0,0,1
.docx,723,2497,3276,126,2.08,backup,benign,3.4536652787639484,0,0,1
.txt,3390,4931,3558,53,5.2,system_update,benign,1.4545722709573534,0,1,1
.log,2080,1726,833,75,2.58,unknown_process,benign,0.8298076919087464,0,0,1
.jpg,2718,1690,1055,133,6.8,unknown_process,malicious,0.6217807208897054,0,1,1
.log,2333,3268,3460,27,4.88,unknown_process,benign,1.4007715381908394,0,1,1
.jpg,3377,4407,1649,140,5.85,user_edit,benign,1.3050044414258204,0,1,1
.docx,4525,262,1901,145,4.26,unknown_process,benign,0.05790055247339214,0,1,1
.jpg,1501,1443,1458,134,5.08,backup,benign,0.961359093296896,0,1,1
.txt,286,406,2885,97,7.18,user_edit,benign,1.4195804146168518,0,1,1
.docx,3496,2191,2974,5,2.46,unknown_process,benign,0.6267162469603215,0,0,0
.txt,2066,4438,1400,57,3.4,backup,benign,2.1481122932487358,0,0,1
.exe,769,244,3416,156,6.29,backup,benign,0.31729518814395946,1,1,1
.pdf,3058,4586,443,78,2.54,backup,benign,1.4996729883912123,0,0,1
.jpg,4290,4108,2123,69,2.42,system_update,benign,0.9575757573525464,0,0,1
.pdf,2162,561,557,118,3.99,user_edit,benign,0.2594819610270666,0,0,1
.pdf,3294,4138,1179,120,2.51,backup,benign,1.2562234361699383,0,0,1
.jpg,947,2726,3502,59,5.22,system_update,benign,2.878563882915983,0,1,1
.docx,4927,594,2038,33,3.24,unknown_process,benign,0.12056017858320271,0,0,1
.exe,3336,1827,363,62,6.93,backup,benign,0.5476618703394299,1,1,1
.txt,4151,3230,2496,50,6.31,system_update,benign,0.7781257526431882,0,1,1
.log,4896,3288,1258,112,5.85,backup,benign,0.6715686273138135,0,1,1
.txt,4874,4074,1842,19,5.39,user_edit,benign,0.8358637667550546,0,1,1
.log,1482,134,2310,197,6.75,user_edit,benign,0.09041835351523728,0,1,1
.txt,1902,3139,1851,123,3.23,unknown_process,benign,1.6503680327810892,0,0,1
.jpg,3452,3920,2173,194,6.8,backup,benign,1.1355735802040634,0,1,1
.exe,4065,73,911,47,6.34,system_update,benign,0.017958179577378063,1,1,1
.log,55,4495,245,167,6.11,unknown_process,malicious,81.72727124132234,0,1,1
.zip,1824,4226,542,196,5.09,backup,benign,2.316885963642058,0,1,1
.docx,3463,2979,2533,33,3.35,unknown_process,benign,0.8602367886629406,0,0,1
.txt,3080,4362,2170,141,4.33,system_update,benign,1.41623376577395,0,1,1
.txt,833,1986,2173,84,6.36,unknown_process,malicious,2.3841536586024565,0,1,1
.log,4409,793,1573,182,2.17,unknown_process,benign,0.1798593785030938,0,0,1
.docx,2807,4260,2218,135,6.3,unknown_process,malicious,1.517634484674872,0,1,1
.docx,2491,95,124,79,3.32,backup,benign,0.03813729424402357,0,0,1
.jpg,328,1134,3107,14,2.79,system_update,benign,3.457317062630131,0,0,1
.zip,3311,4918,3159,147,2.64,user_edit,benign,1.4853518569962696,0,0,1
.jpg,3301,238,2694,128,2.15,backup,benign,0.07209936380730102,0,0,1
.jpg,3676,2947,1732,54,4.88,user_edit,benign,0.8016866156687469,0,1,1
.jpg,3055,2531,786,148,3.2,user_edit,benign,0.8284779048024623,0,0,1
.jpg,2144,1961,2044,29,7.44,backup,benign,0.9146455219614527,0,1,1
.jpg,1312,1049,2249,24,5.16,backup,benign,0.7995426823174216,0,1,1
.exe,3192,2530,2417,82,2.76,system_update,benign,0.7926065160424165,1,0,1
.docx,2539,2965,797,63,5.79,system_update,benign,1.167782591111547,0,1,1
.jpg,3984,964,77,105,6.94,unknown_process,malicious,0.24196787142520887,0,1,1
.docx,4548,537,59,57,6.1,user_edit,benign,0.11807387860200662,0,1,1
.docx,165,4224,2479,136,2.42,system_update,benign,25.599999844848487,0,0,1
.pdf,4278,3680,2686,62,6.93,unknown_process,malicious,0.860215053562362,0,1,1
.exe,823,4188,1524,157,6.37,system_update,benign,5.088699872310206,1,1,1
.jpg,944,3725,1937,17,2.87,backup,benign,3.945974572091129,0,0,1
.txt,4426,543,2157,66,2.28,system_update,benign,0.12268413914986802,0,0,1
.log,775,846,3056,6,5.07,user_edit,benign,1.0916129018172738,0,1,0
.zip,2199,3604,1302,58,2.86,system_update,benign,1.6389267841569228,0,0,1
.txt,3157,3037,68,69,6.59,user_edit,benign,0.9619892299771969,0,1,1
.exe,4243,2495,3141,156,3.97,backup,benign,0.5880273390082424,1,0,1
.log,3696,4486,3237,62,7.02,user_edit,benign,1.2137445884161946,0,1,1
.exe,3453,2720,3561,169,5.11,system_update,benign,0.7877208222450852,1,1,1
.docx,915,1885,2353,197,3.0,unknown_process,benign,2.060109287366001,0,0,1
.log,1309,4139,1933,82,2.77,backup,benign,3.161955688951905,0,0,1
.docx,4178,4350,2722,169,5.17,system_update,benign,1.0411680227282987,0,1,1
.txt,514,3202,365,177,6.19,backup,benign,6.229571972316008,0,1,1
.txt,1921,2711,821,177,6.3,backup,benign,1.4112441429405287,0,1,1
.log,3595,1954,1403,71,3.52,system_update,benign,0.5435326841325361,0,0,1
.log,4842,4738,2391,131,3.12,system_update,benign,0.9785212719994792,0,0,1
.jpg,1410,3851,947,10,2.09,unknown_process,benign,2.7312056718218396,0,0,0
.exe,4803,690,2947,98,5.74,backup,benign,0.14366021233735993,1,1,1
.jpg,4567,1951,1578,89,2.42,backup,benign,0.42719509515498244,0,0,1
.exe,3191,457,1378,35,4.31,system_update,benign,0.14321529296671412,1,1,1
.jpg,4492,2131,1440,2,5.31,user_edit,benign,0.47439893132805006,0,1,0
.docx,1556,3977,3181,124,7.15,system_update,benign,2.5559125947584107,0,1,1
.log,805,4245,762,24,3.71,backup,benign,5.273291918915166,0,0,1
.txt,1280,1180,3569,74,3.37,system_update,benign,0.9218749992797851,0,0,1
.exe,3578,4286,341,166,5.6,unknown_process,malicious,1.197875907993886,1,1,1
.exe,2902,3566,2990,22,5.41,user_edit,benign,1.2288077183911759,1,1,1
.txt,1388,883,383,154,3.83,system_update,benign,0.6361671465157297,0,0,1
.jpg,4689,400,1004,171,7.1,unknown_process,malicious,0.08530603538381189,0,1,1
.exe,2762,609,1557,183,6.65,backup,benign,0.22049239673407228,1,1,1
.zip,2680,1639,300,39,3.23,system_update,benign,0.6115671639509078,0,0,1
.docx,2107,2149,139,157,3.32,backup,benign,1.0199335543332066,0,0,1
.log,4224,1383,359,20,4.82,unknown_process,benign,0.3274147726497597,0,1,1
.txt,4832,1404,836,41,6.25,backup,benign,0.2905629138471517,0,1,1
.log,2769,820,1523,182,2.24,unknown_process,benign,0.29613578898658877,0,0,1
.zip,3954,3293,3457,148,5.81,unknown_process,malicious,0.83282751622842,0,1,1
.exe,3187,820,1628,108,5.57,unknown_process,malicious,0.25729526192114993,1,1,1
.exe,3281,420,1983,147,3.27,system_update,benign,0.12800975308503207,1,0,1
.zip,2574,4220,1304,84,5.75,backup,benign,1.6394716388347041,0,1,1
.txt,4617,4518,2531,111,7.17,backup,benign,0.9785575046613476,0,1,1
.docx,2600,3303,909,66,2.26,user_edit,benign,1.270384614896006,0,0,1
.pdf,4034,1509,1135,158,3.76,user_edit,benign,0.37407040149378523,0,0,1
.txt,237,768,2914,53,4.41,user_edit,benign,3.2405063154409017,0,1,1
.pdf,1305,2045,2187,34,6.95,user_edit,benign,1.567049807228314,0,1,1
.zip,3431,2140,996,150,7.29,backup,benign,0.6237248613746066,0,1,1
.jpg,1302,3030,2483,67,4.44,unknown_process,benign,2.3271889383047704,0,1,1
.pdf,2542,1550,2557,134,6.13,unknown_process,malicious,0.609756097321103,0,1,1
.docx,2052,1765,2321,27,4.92,system_update,benign,0.8601364518225456,0,1,1
.jpg,442,2646,3171,10,4.96,unknown_process,benign,5.986425325822567,0,1,0
.pdf,2077,3717,2152,73,3.53,backup,benign,1.7896003843092922,0,0,1
.zip,3181,4606,1238,96,3.19,backup,benign,1.447972335288283,0,0,1
.jpg,2658,4482,1785,48,3.58,backup,benign,1.6862302476725997,0,0,1
.zip,3799,2294,2810,70,5.06,system_update,benign,0.6038431164506862,0,1,1
.pdf,805,4838,2835,187,2.16,user_edit,benign,6.009937880732997,0,0,1
.zip,75,2709,165,100,6.99,unknown_process,malicious,36.11999951840001,0,1,1
.docx,2176,901,999,59,2.86,backup,benign,0.41406249980971394,0,0,1
.pdf,3925,3085,2568,2,3.21,backup,benign,0.7859872609462453,0,0,0
.pdf,2090,2010,1308,157,4.85,user_edit,benign,0.9617224875781233,0,1,1
.pdf,41,242,2565,196,5.91,backup,benign,5.9024388804283205,0,1,1
.txt,2082,2386,657,65,2.53,unknown_process,benign,1.14601344805667,0,0,1
.txt,4684,4269,2661,83,3.75,system_update,benign,0.9114005121880016,0,0,1
.txt,1623,672,2212,154,7.33,backup,benign,0.41404805889460994,0,1,1
.docx,342,164,1910,10,3.44,unknown_process,benign,0.47953216234054924,0,0,0
.jpg,4053,465,2047,53,3.72,backup,benign,0.11472982972742911,0,0,1
.zip,2075,3043,2112,79,6.6,user_edit,benign,1.4665060233896356,0,1,1
.exe,646,4593,3163,59,2.28,backup,benign,7.109907109736986,1,0,1
.pdf,4827,4796,1141,150,4.56,backup,benign,0.9935777913831411,0,1,1
.zip,4264,2443,1890,179,4.09,system_update,benign,0.5729362099969662,0,1,1
.pdf,610,4799,267,48,3.74,user_edit,benign,7.867213101857028,0,0,1
.docx,455,2356,1846,149,3.57,user_edit,benign,5.17802196664171,0,0,1
.pdf,2954,4279,1709,123,2.5,system_update,benign,1.448544346158245,0,0,1
.txt,1709,4725,3212,22,3.73,backup,benign,2.7647747204419106,0,0,1
.exe,3473,2558,2294,100,2.24,unknown_process,benign,0.7365390150485059,1,0,1
.log,2970,546,2443,98,6.3,user_edit,benign,0.1838383837764854,0,1,1
.pdf,3029,4720,1511,158,4.19,user_edit,benign,1.5582700556096831,0,1,1
.zip,4798,3836,476,25,4.44,backup,benign,0.7994997914131929,0,1,1
.txt,2682,594,3589,28,6.91,backup,benign,0.22147650998453525,0,1,1
.log,3630,4840,977,193,5.62,user_edit,benign,1.333333332966024,0,1,1
.exe,4226,3805,1208,113,2.04,backup,benign,0.9003786084002889,1,0,1
.log,3068,1460,1044,45,7.19,unknown_process,benign,0.47588005199612776,0,1,1
.txt,1387,3494,1961,68,3.3,user_edit,benign,2.5191059823222015,0,0,1
.jpg,3777,2602,558,7,2.59,unknown_process,benign,0.6889065393992835,0,0,0
.jpg,2867,2445,1018,49,6.22,unknown_process,benign,0.8528078127475383,0,1,1
.log,4789,2673,3596,137,4.75,backup,benign,0.5581541030365098,0,1,1
.docx,3364,4201,1606,164,4.39,unknown_process,benign,1.2488109389866793,0,1,1
.zip,4890,17,883,83,3.37,backup,benign,0.0034764826168759747,0,0,1
.zip,4125,3192,2195,129,5.01,system_update,benign,0.7738181816305895,0,1,1
.log,149,393,666,138,3.51,backup,benign,2.6375838749155447,0,0,1
.pdf,3851,425,3376,164,6.96,unknown_process,malicious,0.11036094518037888,0,1,1
.pdf,2059,572,2668,73,3.18,system_update,benign,0.2778047594571128,0,0,1
.zip,1137,3632,1772,46,6.86,backup,benign,3.1943711493453195,0,1,1
.zip,187,1121,2868,106,5.08,unknown_process,benign,5.994652374360148,0,1,1
.jpg,2855,242,864,160,6.56,user_edit,benign,0.08476357264982012,0,1,1
.docx,1251,3898,582,32,5.92,user_edit,benign,3.115907271689922,0,1,1
.txt,1334,4096,3071,6,5.83,backup,benign,3.070464765314494,0,1,0
.pdf,4194,2280,695,176,3.78,backup,benign,0.5436337623882609,0,0,1
.zip,4151,789,1252,166,3.29,user_edit,benign,0.19007468075401718,0,0,1
.jpg,2712,715,3174,145,3.16,unknown_process,benign,0.26364306774939417,0,0,1
.exe,4854,4855,1611,74,6.71,unknown_process,malicious,1.0002060154511319,1,1,1
.jpg,4502,2850,3489,114,6.51,unknown_process,malicious,0.6330519767585402,0,1,1
.pdf,1786,776,1240,27,4.42,backup,benign,0.43449048127968054,0,1,1
.pdf,751,4027,2455,54,2.73,system_update,benign,5.362183747853284,0,0,1
.jpg,1763,2248,399,178,4.1,system_update,benign,1.2750992618972776,0,1,1
.txt,3921,79,1947,163,5.41,system_update,benign,0.020147921443471585,0,1,1
.log,4461,3927,715,85,4.5,system_update,benign,0.8802958975834351,0,1,1
.pdf,482,856,704,127,6.29,system_update,benign,1.7759336062739968,0,1,1
.jpg,154,2149,2809,153,7.49,backup,benign,13.954545363931524,0,1,1
.zip,1525,1032,2547,156,3.05,backup,benign,0.6767213110316581,0,0,1
.jpg,2121,4941,3537,111,4.53,system_update,benign,2.329561526482998,0,1,1
.docx,2344,3272,1715,15,4.37,backup,benign,1.3959044362645459,0,1,1
.log,1241,3577,1973,132,3.67,backup,benign,2.8823529388538653,0,0,1
.exe,61,4183,3022,93,3.09,system_update,benign,68.57376936764312,1,0,1
.txt,939,3457,82,123,2.36,unknown_process,benign,3.6815761409141894,0,0,1
.exe,1640,3507,604,73,6.88,backup,benign,2.13841463284243,1,1,1
.log,4121,408,1971,155,4.31,unknown_process,benign,0.09900509582649718,0,1,1
.log,4227,2712,1711,154,4.73,backup,benign,0.6415897798340218,0,1,1
.log,3570,3089,2047,147,7.04,backup,benign,0.8652661062002056,0,1,1
.exe,1253,1669,2820,92,6.27,system_update,benign,1.3320031912753365,1,1,1
.zip,4204,148,903,17,2.72,backup,benign,0.03520456707059834,0,0,1
.log,172,4328,365,43,5.11,user_edit,benign,25.162790551379125,0,1,1
.jpg,1459,3898,163,121,4.43,user_edit,benign,2.671692938538935,0,1,1
.exe,3550,1951,3120,41,6.38,system_update,benign,0.5495774646339219,1,1,1
.log,4198,366,2559,170,5.98,unknown_process,malicious,0.08718437349042772,0,1,1
.jpg,2323,1675,3401,178,5.8,unknown_process,malicious,0.7210503655957596,0,1,1
.zip,1637,4532,1864,168,3.87,unknown_process,benign,2.768478923171363,0,0,1
.docx,3116,4495,116,39,6.43,user_edit,benign,1.4425545566615678,0,1,1
.zip,4091,2547,2989,113,2.29,unknown_process,benign,0.6225861645997101,0,0,1
.log,3005,563,2385,151,2.88,unknown_process,benign,0.1873544092554561,0,0,1
.exe,330,3563,881,111,3.85,system_update,benign,10.796969664251607,1,0,1
.pdf,3641,2490,2785,180,2.42,unknown_process,benign,0.683878055291437,0,0,1
.log,3895,773,840,47,3.29,user_edit,benign,0.19845956349205146,0,0,1
.pdf,4108,2038,2195,63,6.57,user_edit,benign,0.496105160541357,0,1,1
.jpg,1342,3424,1347,110,7.22,user_edit,benign,2.5514157954162324,0,1,1
.docx,3664,2568,2491,69,3.68,system_update,benign,0.7008733622541284,0,0,1
.txt,216,1574,2885,43,3.45,system_update,benign,7.287037003300755,0,0,1
.zip,339,3695,1037,176,3.54,backup,benign,10.89970498259674,0,0,1
.docx,4063,3292,943,34,3.53,unknown_process,benign,0.8102387396479845,0,0,1
.log,2709,1247,3566,40,2.2,system_update,benign,0.46031746014753877,0,0,1
.pdf,3153,3720,1725,61,7.1,user_edit,benign,1.1798287341643423,0,1,1
.zip,1751,3840,2335,178,3.18,user_edit,benign,2.19303255157451,0,0,1
.pdf,2422,360,2768,195,4.31,system_update,benign,0.14863748961658238,0,1,1
.exe,710,2377,1138,62,2.05,system_update,benign,3.347887319228328,1,0,1
.pdf,3727,3010,2528,58,6.72,system_update,benign,0.8076200695445076,0,1,1
.exe,3643,2994,22,161,6.02,backup,benign,0.8218501232989707,1,1,1
.jpg,3994,963,3421,75,7.21,user_edit,benign,0.24111166744088341,0,1,1
.zip,489,3633,1750,16,6.3,backup,benign,7.429447837567591,0,1,1
.zip,47,1828,683,82,3.73,backup,benign,38.89361619375285,0,0,1
.txt,3360,1614,2954,94,3.36,unknown_process,benign,0.48035714271417945,0,0,1
.log,4874,1641,1834,48,5.84,user_edit,benign,0.33668444802283864,0,1,1
.exe,4807,2217,2368,138,4.0,user_edit,benign,0.4612024130515493,1,0,1
.txt,401,4313,126,82,5.11,system_update,benign,10.755610945746605,0,1,1
.pdf,3991,378,277,38,2.03,system_update,benign,0.09471310446135979,0,0,1
.pdf,3158,4215,2000,127,2.34,unknown_process,benign,1.3347055093936968,0,0,1
.txt,4346,4286,1228,19,4.94,backup,benign,0.986194201337737,0,1,1
.zip,391,370,2242,164,5.11,system_update,benign,0.9462915576821188,0,1,1
.pdf,3854,2197,696,187,6.13,system_update,benign,0.5700570834016458,0,1,1
.jpg,4431,3748,1310,63,2.73,user_edit,benign,0.8458587224450781,0,0,1
.jpg,629,652,57,77,4.82,user_edit,benign,1.0365659760944896,0,1,1
.txt,4233,770,3375,174,3.07,system_update,benign,0.18190408689300636,0,0,1
.exe,2931,2422,3235,131,2.51,user_edit,benign,0.8263391331196387,1,0,1
.exe,1522,781,19,102,4.26,unknown_process,benign,0.5131406041306565,1,1,1
.txt,827,1717,3442,65,2.9,system_update,benign,2.0761789575862406,0,0,1
.exe,4823,3984,2312,120,3.22,user_edit,benign,0.8260418824743848,1,0,1
.zip,1501,1312,2842,91,3.75,unknown_process,benign,0.874083943454974,0,0,1
.zip,3295,3360,113,8,3.43,user_edit,benign,1.0197268585676096,0,0,0
.exe,2420,523,3560,179,2.48,user_edit,benign,0.21611570239003483,1,0,1
.jpg,935,522,3399,73,2.49,user_edit,benign,0.5582887694563756,0,0,1
.exe,3043,4879,542,134,3.06,system_update,benign,1.6033519547803643,1,0,1
.zip,4498,2321,2695,107,2.28,backup,benign,0.5160071141582909,0,0,1
.docx,1467,936,579,89,5.45,user_edit,benign,0.6380368093810246,0,1,1
.log,3562,2231,1089,39,3.58,unknown_process,benign,0.6263335203182668,0,0,1
.pdf,615,4041,3364,113,3.54,system_update,benign,6.570731696632957,0,0,1
.docx,1183,4584,25,188,3.83,system_update,benign,3.8748943331573162,0,0,1
.exe,3224,4942,1573,28,5.65,unknown_process,benign,1.5328784114352114,1,1,1
.jpg,2668,3698,2049,97,6.79,user_edit,benign,1.3860569709947312,0,1,1
.txt,131,2838,2959,182,6.17,backup,benign,21.664121972029605,0,1,1
.exe,2984,4084,1573,37,6.0,user_edit,benign,1.368632707316142,1,1,1
.jpg,4279,2462,141,137,4.66,unknown_process,benign,0.5753680765189605,0,1,1
.log,4460,3244,1768,82,5.82,system_update,benign,0.7273542599266021,0,1,1
.exe,39,3360,648,56,5.04,backup,benign,86.15384394477324,1,1,1
.zip,3960,686,2236,187,3.19,system_update,benign,0.1732323231885777,0,0,1
.txt,3588,2161,3200,85,3.15,unknown_process,benign,0.6022853955957956,0,0,1
.jpg,921,3989,201,2,3.63,user_edit,benign,4.331161775970508,0,0,0
.jpg,2770,4067,3199,189,7.01,backup,benign,1.4682310464013606,0,1,1
.jpg,4112,1568,257,58,5.01,system_update,benign,0.38132295710570935,0,1,1
.log,493,39,547,107,6.04,system_update,benign,0.07910750491053245,0,1,1
.exe,1132,2545,2242,123,3.91,system_update,benign,2.2482332135616314,1,0,1
.log,3522,4876,2751,188,4.24,user_edit,benign,1.3844406583235547,0,1,1
.pdf,311,1257,3176,168,2.69,backup,benign,4.041800630090673,0,0,1
.pdf,739,2991,3337,164,2.94,user_edit,benign,4.047361293575966,0,0,1
.exe,3242,2197,802,114,6.55,user_edit,benign,0.6776681058983134,1,1,1
.zip,546,3469,942,107,5.22,user_edit,benign,6.353479841843444,0,1,1
.log,2462,2709,3456,37,3.86,unknown_process,benign,1.1003249386270004,0,0,1
.txt,4347,302,3332,79,6.42,unknown_process,malicious,0.06947319989200064,0,1,1
.jpg,4855,647,414,92,3.36,unknown_process,benign,0.13326467556472404,0,0,1
.jpg,1805,4759,2015,18,7.37,backup,benign,2.6365650954922075,0,1,1
.exe,3213,1760,1382,98,3.9,user_edit,benign,0.5477746652512373,1,0,1
.zip,3811,4352,1099,63,3.86,user_edit,benign,1.1419574911724069,0,0,1
.pdf,814,598,3427,150,3.72,unknown_process,benign,0.7346437337412239,0,0,1
.pdf,4125,662,910,139,2.67,user_edit,benign,0.16048484844594305,0,0,1
.jpg,2033,4331,188,186,2.61,user_edit,benign,2.1303492365320467,0,0,1
.exe,4573,1369,2016,185,5.56,system_update,benign,0.2993658429260079,1,1,1
.log,4414,2582,1314,4,6.81,user_edit,benign,0.5849569550102045,0,1,0
.pdf,245,3869,2093,135,6.35,system_update,benign,15.791836670237402,0,1,1
.log,4844,3538,2131,61,2.78,user_edit,benign,0.7303881088500437,0,0,1
.zip,4793,4866,1147,107,5.0,backup,benign,1.0152305443323115,0,1,1
.pdf,272,4309,358,54,2.58,unknown_process,benign,15.84191170646356,0,0,1
.pdf,3512,4559,1552,88,2.25,system_update,benign,1.2981207285597607,0,0,1
.docx,1772,283,1090,68,5.61,unknown_process,malicious,0.15970654618526717,0,1,1
.pdf,1263,3679,2984,129,4.94,system_update,benign,2.912905777582814,0,1,1
.txt,2425,1487,1681,55,2.45,system_update,benign,0.6131958760357955,0,0,1
.exe,4362,4083,2423,3,2.19,system_update,benign,0.9360385142283267,1,0,0
.exe,921,4184,162,166,7.44,backup,benign,4.542888160105441,1,1,1
.log,3431,461,3452,121,2.17,user_edit,benign,0.13436315938957646,0,0,1
.zip,4436,2326,3430,129,4.44,system_update,benign,0.5243462577717884,0,1,1
.pdf,4485,3755,3260,102,4.78,backup,benign,0.8372352283529018,0,1,1
.txt,2625,2469,2370,38,2.65,system_update,benign,0.9405714282131157,0,0,1
.log,3761,1725,450,85,2.93,user_edit,benign,0.45865461301285443,0,0,1
.docx,2051,1377,1498,157,3.93,system_update,benign,0.671379814397182,0,0,1
.log,3501,2744,1037,133,6.19,backup,benign,0.7837760637578475,0,1,1
.log,1166,515,2232,92,4.79,user_edit,benign,0.4416809601700849,0,1,1
.pdf,376,703,2159,21,5.51,backup,benign,1.8696808460912744,0,1,1
.docx,2034,1654,1951,199,7.42,user_edit,benign,0.8131760074664818,0,1,1
.log,146,2067,2556,195,6.22,user_edit,benign,14.157534149605931,0,1,1
.txt,4389,23,1314,109,4.39,unknown_process,benign,0.005240373660232314,0,1,1
.txt,432,2461,2343,47,4.46,unknown_process,benign,5.696759246072316,0,1,1
.exe,705,1305,3523,84,5.4,unknown_process,benign,1.8510638271616116,1,1,1
.docx,2633,3301,2952,83,5.66,user_edit,benign,1.2537029999036449,0,1,1
.docx,4495,362,1239,35,4.75,system_update,benign,0.08053392656717821,0,1,1
.exe,964,3728,974,196,5.55,backup,benign,3.867219913000809,1,1,1
.log,2235,1285,632,69,2.13,backup,benign,0.5749440713311212,0,0,1
.docx,2042,515,1591,129,4.36,backup,benign,0.25220372171782385,0,1,1
.txt,1829,449,1051,196,3.53,unknown_process,benign,0.24548933830208344,0,0,1
.txt,2109,1856,2781,140,2.71,user_edit,benign,0.8800379322522344,0,0,1
.pdf,4069,4970,3303,188,2.55,unknown_process,benign,1.2214303265614572,0,0,1
.docx,939,3563,1589,27,5.32,system_update,benign,3.7944621897822555,0,1,1
.log,4806,2521,2369,56,4.88,user_edit,benign,0.5245526424210252,0,1,1
.exe,807,3082,2961,23,3.39,backup,benign,3.819083018811545,1,0,1
.exe,1464,1429,3305,153,4.59,unknown_process,benign,0.9760928955081332,1,1,1
.log,3416,3968,1694,21,4.71,unknown_process,benign,1.1615925055147562,0,1,1
.zip,11,923,437,61,3.07,system_update,benign,83.90908328099243,0,0,1
.jpg,1869,3138,2829,63,5.59,system_update,benign,1.678972711782251,0,1,1
.pdf,4868,2160,1557,122,6.3,unknown_process,malicious,0.4437140508537974,0,1,1
.exe,885,2548,3475,52,6.35,system_update,benign,2.8790960419445244,1,1,1
.docx,3565,2980,1077,88,5.31,backup,benign,0.8359046280965204,0,1,1
.pdf,1390,2282,3385,153,4.81,system_update,benign,1.6417266175239376,0,1,1
.docx,3402,2650,1305,55,2.34,system_update,benign,0.7789535565023652,0,0,1
.zip,4322,314,2774,46,3.58,unknown_process,benign,0.07265155019142722,0,0,1
.txt,825,2614,2079,32,2.51,unknown_process,benign,3.1684848446442606,0,0,1
.pdf,2266,3084,2385,55,7.3,user_edit,benign,1.360988525436457,0,1,1
.exe,937,2257,183,96,2.74,user_edit,benign,2.408751331474118,1,0,1
.pdf,2801,1038,3095,133,2.83,unknown_process,benign,0.3705819348909026,0,0,1
.pdf,2554,3490,2592,36,6.89,system_update,benign,1.366483946215159,0,1,1
.pdf,3846,2635,1470,110,7.19,system_update,benign,0.6851274049180636,0,1,1
.jpg,1797,3984,3146,177,6.21,user_edit,benign,2.217028379400652,0,1,1
.pdf,54,1779,3082,106,2.03,user_edit,benign,32.944443834362154,0,0,1
.docx,727,3896,3556,58,2.01,user_edit,benign,5.359009621239326,0,0,1
.txt,2737,1125,1480,39,4.08,backup,benign,0.4110339786587381,0,1,1
.zip,3171,698,1590,80,2.79,backup,benign,0.22011983594445922,0,0,1
.log,1914,2180,1588,97,2.1,user_edit,benign,1.138975965967097,0,0,1
.pdf,1597,1405,660,113,4.55,system_update,benign,0.8797745767816063,0,1,1
.exe,1915,1044,160,61,7.19,user_edit,benign,0.5451697125090498,1,1,1
.pdf,2467,1930,3086,137,3.78,backup,benign,0.782326712289288,0,0,1
.exe,2738,1014,3250,6,5.64,system_update,benign,0.37034331615400173,1,1,0
.docx,850,227,2460,109,5.59,backup,benign,0.2670588232152249,0,1,1
.exe,2110,1829,1012,35,3.38,system_update,benign,0.8668246441389457,1,0,1
.log,3,4918,53,39,5.58,backup,benign,1639.332786889071,0,1,1
.txt,4256,2024,2456,150,3.17,system_update,benign,0.4755639096626964,0,0,1
.exe,4070,4967,2895,169,2.67,system_update,benign,1.2203931200932696,1,0,1
.exe,4877,2453,1046,118,5.86,system_update,benign,0.5029731391218016,1,1,1
.txt,893,2086,1054,5,2.62,system_update,benign,2.3359462459843825,0,0,0
.log,2031,4284,2751,170,7.48,unknown_process,malicious,2.109305759670455,0,1,1
.pdf,3161,1081,2308,87,3.01,backup,benign,0.3419803858456247,0,0,1
.exe,2377,2321,1229,76,5.27,backup,benign,0.9764408914697347,1,1,1
.txt,4676,3191,3131,195,4.26,unknown_process,benign,0.6824208723946918,0,1,1
.docx,1934,2631,1495,158,2.7,system_update,benign,1.3603929672386799,0,0,1
.txt,1381,2564,2824,57,2.15,system_update,benign,1.8566256322544346,0,0,1
.docx,3682,3293,1490,127,5.43,backup,benign,0.8943508960091389,0,1,1
.log,1291,4622,1036,29,6.44,unknown_process,benign,3.580170407761293,0,1,1
.pdf,1641,3587,1951,165,6.63,system_update,benign,2.18586227776608,0,1,1
.txt,2683,4432,3362,87,4.65,system_update,benign,1.6518822207782773,0,1,1
.zip,988,2948,850,141,6.28,system_update,benign,2.983805664996148,0,1,1
.zip,1219,3960,354,160,5.7,user_edit,benign,3.2485643943818174,0,1,1
.jpg,1356,2814,1099,46,5.98,unknown_process,benign,2.075221237407654,0,1,1
.exe,4266,2584,2921,116,4.71,system_update,benign,0.6057196435523394,1,1,1
.log,4617,162,1740,112,5.48,user_edit,benign,0.035087719290645934,0,1,1
.txt,4136,594,1465,151,6.43,unknown_process,malicious,0.1436170212418721,0,1,1
.zip,1561,3260,991,45,4.19,system_update,benign,2.0884048673360636,0,1,1
.exe,1419,4156,1265,145,6.43,backup,benign,2.9288231128056212,1,1,1
.zip,955,2963,3066,104,5.26,user_edit,benign,3.102617797798306,0,1,1
.txt,984,3889,1885,85,2.91,user_edit,benign,3.952235768341224,0,0,1
.docx,975,3391,3226,194,2.14,system_update,benign,3.4779487143815913,0,0,1
.txt,4134,4502,1810,134,4.0,system_update,benign,1.0890179000752254,0,0,1
.jpg,3973,664,3168,108,5.01,user_edit,benign,0.16712811473266345,0,1,1
.txt,914,1133,2342,18,6.62,backup,benign,1.2396061255584179,0,1,1
.txt,4550,542,2257,94,2.7,backup,benign,0.11912087909469869,0,0,1
.jpg,37,2975,3415,150,6.4,unknown_process,malicious,80.4054032322864,0,1,1
.log,3388,868,1112,33,6.75,system_update,benign,0.25619834703181865,0,1,1
.txt,1712,2067,818,158,2.83,backup,benign,1.2073598123788785,0,0,1
.jpg,3021,432,1800,126,6.68,unknown_process,malicious,0.14299900690400563,0,1,1
.exe,796,4836,1961,160,7.45,backup,benign,6.075376876789727,1,1,1
.docx,4037,4279,2438,170,6.0,system_update,benign,1.0599455038246357,0,1,1
.docx,4689,1207,2373,122,6.32,unknown_process,malicious,0.25741096177065237,0,1,1
.txt,3112,2529,2988,138,7.47,unknown_process,malicious,0.812660668119325,0,1,1
.log,1325,1170,889,115,5.33,unknown_process,benign,0.8830188672580989,0,1,1
.log,318,831,1856,164,3.69,backup,benign,2.6132075389521776,0,0,1
.exe,2397,1652,1181,162,6.61,system_update,benign,0.6891948265793931,1,1,1
.txt,2163,1137,668,28,5.38,unknown_process,benign,0.5256588069691823,0,1,1
.docx,2746,2811,633,11,5.2,user_edit,benign,1.0236707935092242,0,1,1
.log,1592,476,2625,167,3.39,system_update,benign,0.29899497468656094,0,0,1
.txt,3112,2811,1643,47,6.16,user_edit,benign,0.9032776346711833,0,1,1
.zip,3931,1327,137,127,2.45,user_edit,benign,0.33757313652058685,0,0,1
.log,1997,1020,1947,147,7.08,unknown_process,malicious,0.510766148968069,0,1,1
.jpg,1313,1837,1698,118,3.79,unknown_process,benign,1.3990860613868346,0,0,1
.zip,1286,4257,428,143,2.7,backup,benign,3.31026438311799,0,0,1
.log,4312,2449,1476,126,4.43,backup,benign,0.5679499071039077,0,1,1
.docx,2384,4294,2660,156,2.23,backup,benign,1.8011744958887692,0,0,1
.pdf,3240,1284,2959,152,5.77,system_update,benign,0.39629629617398265,0,1,1
.zip,2140,660,819,72,6.96,backup,benign,0.3084112148091537,0,1,1
.exe,1705,2011,2189,107,6.6,user_edit,benign,1.1794721400706907,1,1,1
.exe,363,399,1107,137,2.7,backup,benign,1.0991735506909819,1,0,1
.docx,2605,1734,2225,175,2.69,unknown_process,benign,0.6656429939863175,0,0,1
.log,1717,2126,198,33,6.47,backup,benign,1.2382061728373872,0,1,1
.txt,4452,2172,2672,190,7.08,system_update,benign,0.48787061983650704,0,1,1
.log,4287,75,1996,19,4.53,system_update,benign,0.017494751570446755,0,1,1
.docx,3739,4698,2739,195,4.74,user_edit,benign,1.256485691025278,0,1,1
.exe,2470,3472,3493,74,3.75,system_update,benign,1.4056680156252357,1,0,1
.log,4796,837,2449,168,6.92,backup,benign,0.17452043365835687,0,1,1
.exe,557,500,471,175,5.55,unknown_process,malicious,0.8976660666110124,1,1,1
.zip,826,138,2266,193,3.59,system_update,benign,0.16707021771541136,0,0,1
.txt,2809,2098,1949,157,3.64,user_edit,benign,0.7468850121940602,0,0,1
.zip,4522,3697,929,178,6.9,backup,benign,0.8175586022075279,0,1,1
.exe,2720,1886,2011,98,2.07,user_edit,benign,0.6933823526862565,1,0,1
.exe,3509,2758,2680,141,3.77,system_update,benign,0.7859789111467715,1,0,1
.pdf,3742,3921,2999,129,5.05,system_update,benign,1.0478353818685635,0,1,1
.pdf,1575,1901,906,162,2.82,user_edit,benign,1.2069841262177878,0,0,1
.zip,3999,2611,2223,93,2.51,backup,benign,0.6529132281438077,0,0,1
.jpg,2130,3987,23,176,6.48,system_update,benign,1.8718309850366992,0,1,1
.zip,2404,1450,235,48,6.92,unknown_process,benign,0.60316139741965,0,1,1
.pdf,3330,547,3085,177,6.53,system_update,benign,0.16426426421493567,0,1,1
.exe,589,4677,1125,64,6.94,backup,benign,7.9405772360940965,1,1,1
.docx,2013,2004,929,61,5.04,system_update,benign,0.9955290606082816,0,1,1
.zip,1548,2097,523,157,6.47,user_edit,benign,1.3546511619155999,0,1,1
.exe,295,704,1809,39,4.11,system_update,benign,2.3864406698764724,1,1,1
.docx,1986,2404,3524,128,5.66,system_update,benign,1.210473312582843,0,1,1
.docx,3118,1626,431,88,7.44,backup,benign,0.5214881332516074,0,1,1
.pdf,1691,3332,793,26,3.24,user_edit,benign,1.970431696055333,0,0,1
.zip,1137,4734,1630,17,4.14,backup,benign,4.163588386839412,0,1,1
.log,2065,2979,1737,71,4.64,system_update,benign,1.4426150114079348,0,1,1
.txt,4456,4737,533,13,2.76,unknown_process,benign,1.0630610410540706,0,0,1
.pdf,4796,2840,3027,69,2.45,system_update,benign,0.5921601333210675,0,0,1
.pdf,4544,3385,1747,26,6.56,backup,benign,0.7449383801177512,0,1,1
.log,4771,2660,1676,49,7.37,unknown_process,benign,0.557535107826968,0,1,1
.txt,1008,1862,1317,195,4.23,backup,benign,1.8472222203896604,0,1,1
.exe,2515,2857,2858,7,2.48,backup,benign,1.1359840949757518,1,0,0
.jpg,3527,686,913,58,2.36,user_edit,benign,0.19449957465423887,0,0,1
.zip,4682,4284,1125,49,6.9,unknown_process,benign,0.9149935922864174,0,1,1
.jpg,1248,1620,1526,103,4.55,system_update,benign,1.2980769220367971,0,1,1
.exe,3903,4644,1328,53,3.76,backup,benign,1.1898539581886103,1,0,1
.pdf,1436,1432,2919,193,4.62,system_update,benign,0.9972144839852266,0,1,1
.txt,572,876,2588,62,3.75,user_edit,benign,1.531468528791139,0,0,1
.pdf,2383,4714,1024,17,4.69,user_edit,benign,1.9781787654308944,0,1,1
.docx,1246,2462,1577,171,6.73,unknown_process,malicious,1.9759229518652301,0,1,1
.pdf,2085,1366,1379,25,5.26,user_edit,benign,0.6551558749855367,0,1,1
.pdf,278,1244,3375,131,5.82,user_edit,benign,4.4748201277884165,0,1,1
.exe,1888,4999,1520,29,4.01,system_update,benign,2.64777542232639,1,1,1
.exe,4580,163,1682,117,6.06,user_edit,benign,0.035589519642884385,1,1,1
.exe,1266,1975,1998,160,5.67,user_edit,benign,1.5600315943443668,1,1,1
.jpg,4827,3292,227,26,2.66,backup,benign,0.6819970995065263,0,0,1
.docx,1041,270,1260,124,5.15,user_edit,benign,0.2593659939871604,0,1,1
.exe,918,632,873,144,3.41,backup,benign,0.6884531582914454,1,0,1
.txt,886,906,892,25,6.42,user_edit,benign,1.0225733622770052,0,1,1
.jpg,2753,3472,1479,54,4.34,user_edit,benign,1.26116963266939,0,1,1
.log,22,3254,1037,156,7.47,unknown_process,malicious,147.90908418595072,0,1,1
.txt,4570,2015,2258,73,2.51,unknown_process,benign,0.4409190371026435,0,0,1
.zip,3192,1642,2789,120,6.29,backup,benign,0.514411027407766,0,1,1
.zip,2354,205,397,56,5.71,user_edit,benign,0.08708581134788199,0,1,1
.txt,4800,582,1124,65,6.22,system_update,benign,0.12124999997473958,0,1,1
.exe,687,841,2079,93,3.69,unknown_process,benign,1.2241630258745808,1,0,1
.log,285,1720,2946,86,4.71,system_update,benign,6.035087698122499,0,1,1
.log,4812,2644,649,80,6.38,unknown_process,malicious,0.5494596840088404,0,1,1
.jpg,3748,2298,329,169,3.28,unknown_process,benign,0.6131270009036481,0,0,1
.log,763,875,3238,108,3.24,user_edit,benign,1.1467889893226881,0,0,1
.zip,2429,690,1483,179,5.03,unknown_process,benign,0.284067517379964,0,1,1
.docx,2508,4001,952,118,4.88,system_update,benign,1.5952950551852891,0,1,1
.exe,29,3142,2006,199,3.55,unknown_process,benign,108.34482385017849,1,0,1
.log,907,1423,2017,157,3.64,backup,benign,1.5689084877961317,0,0,1
.jpg,3105,672,3172,83,3.53,user_edit,benign,0.21642512070324474,0,0,1
.zip,4000,1172,2669,147,6.24,user_edit,benign,0.29299999992675,0,1,1
.docx,2995,3727,1879,194,5.59,backup,benign,1.2444073451604651,0,1,1
.pdf,2507,944,1197,169,6.58,backup,benign,0.3765456719678717,0,1,1
.pdf,4666,1450,1773,173,7.37,backup,benign,0.3107586797448009,0,1,1
.docx,3610,3738,162,15,4.61,unknown_process,benign,1.0354570634250813,0,1,1
.zip,3554,2540,1752,131,2.37,user_edit,benign,0.7146876756570941,0,0,1
.jpg,1454,3960,776,139,2.26,backup,benign,2.7235213186220624,0,0,1
.docx,4834,4992,3335,181,3.63,unknown_process,benign,1.0326851466626634,0,0,1
.exe,3357,4261,1828,174,7.13,backup,benign,1.2692880544327412,1,1,1
.exe,516,2362,2322,30,4.88,system_update,benign,4.5775193709738,1,1,1
.pdf,39,3653,3075,57,3.49,system_update,benign,93.66666426495733,0,0,1
.log,3343,3671,1052,146,4.2,user_edit,benign,1.09811546482258,0,1,1
.jpg,887,1754,2374,179,5.29,unknown_process,benign,1.9774520834527034,0,1,1
.pdf,2845,2353,940,128,5.59,system_update,benign,0.8270650260713305,0,1,1
.log,2205,1939,3221,48,2.85,system_update,benign,0.8793650789662744,0,0,1
.log,1099,371,540,194,7.37,unknown_process,malicious,0.33757961752722504,0,1,1
.exe,1824,4949,2536,136,5.0,backup,benign,2.7132675423721118,1,1,1
.zip,3202,4480,822,22,2.75,unknown_process,benign,1.3991255460964631,0,0,1
.txt,3156,1932,1462,6,6.91,backup,benign,0.6121673001862588,0,1,0
.zip,3094,425,1089,185,2.41,system_update,benign,0.13736263731824092,0,0,1
.txt,3531,4725,356,104,6.99,system_update,benign,1.338147833095965,0,1,1
.docx,3779,895,3324,36,7.48,system_update,benign,0.23683514150917304,0,1,1
.exe,2897,598,235,79,5.85,user_edit,benign,0.20642043486143583,1,1,1
.log,3454,3063,2275,116,6.24,user_edit,benign,0.8867979152035906,0,1,1
.jpg,3512,2337,1549,57,3.86,user_edit,benign,0.6654328016328495,0,0,1
.txt,989,4689,3385,49,7.18,unknown_process,benign,4.741152674680331,0,1,1
.zip,4117,1688,2097,173,4.91,system_update,benign,0.4100072867597747,0,1,1
.log,4965,573,118,82,6.03,system_update,benign,0.11540785496164997,0,1,1
.txt,4027,2091,2102,66,7.08,unknown_process,malicious,0.5192450954757276,0,1,1
.txt,4180,3670,1674,77,7.36,user_edit,benign,0.8779904304119639,0,1,1
.txt,1683,4273,2613,45,6.58,unknown_process,benign,2.5389185962335596,0,1,1
.jpg,4666,4625,1068,79,3.67,user_edit,benign,0.9912130302204858,0,0,1
.exe,3964,1634,2101,20,7.32,system_update,benign,0.4122098888970207,1,1,1
.jpg,934,1518,558,192,5.45,backup,benign,1.6252676642127755,0,1,1
.pdf,3599,4294,3597,123,7.12,user_edit,benign,1.1931091966676552,0,1,1
.log,3234,2658,3174,67,5.72,system_update,benign,0.8218923930668236,0,1,1
.exe,1981,3649,1816,83,3.69,system_update,benign,1.8419989894790514,1,0,1
.exe,1856,4949,2006,3,4.04,backup,benign,2.6664870675288324,1,1,0
.exe,3057,3589,2916,182,5.03,system_update,benign,1.1740268232993043,1,1,1
.zip,793,1538,398,64,6.35,system_update,benign,1.9394703632541357,0,1,1
.exe,792,3138,3210,40,3.75,user_edit,benign,3.9621212071185337,1,0,1
.jpg,1810,98,675,59,5.19,user_edit,benign,0.05414364637892616,0,1,1
.exe,2256,3216,387,183,3.9,backup,benign,1.4255319142617324,1,0,1
.docx,3611,4531,2159,62,6.49,backup,benign,1.2547770697162068,0,1,1
.log,1608,4733,2662,132,4.57,system_update,benign,2.9434079583685273,0,1,1
.exe,985,3751,2065,60,2.42,user_edit,benign,3.808121823545054,1,0,1
.log,3677,3158,3254,116,2.91,backup,benign,0.8588523250315876,0,0,1
.docx,3381,4684,884,75,2.34,backup,benign,1.3853889377742121,0,0,1
.docx,520,344,541,122,4.75,unknown_process,benign,0.6615384602662722,0,1,1
.log,591,4667,171,107,2.58,backup,benign,7.896785096621345,0,0,1
.txt,1051,611,2457,96,2.63,system_update,benign,0.5813510936428629,0,0,1
.pdf,3634,1728,740,91,7.18,user_edit,benign,0.47550908077173665,0,1,1
.zip,4445,2291,1402,158,6.8,backup,benign,0.5154105735623373,0,1,1
.txt,960,1855,3260,130,4.49,unknown_process,benign,1.9322916646538628,0,1,1
.txt,693,2609,2906,62,7.42,user_edit,benign,3.764790759358166,0,1,1
.jpg,3900,2080,2278,49,2.0,backup,benign,0.5333333331965812,0,0,1
.zip,4474,2325,119,137,5.38,unknown_process,benign,0.5196691997050359,0,1,1
.zip,2947,4628,3228,92,5.39,backup,benign,1.570410586504781,0,1,1
.txt,527,1178,2832,159,4.52,user_edit,benign,2.235294113405514,0,1,1
.exe,3225,1092,2513,124,4.18,user_edit,benign,0.338604651057797,1,1,1
.jpg,2254,4980,2152,61,4.5,user_edit,benign,2.209405500350752,0,1,1
.jpg,3345,2792,2746,48,4.28,system_update,benign,0.8346786245636237,0,1,1
.docx,3966,1750,1996,153,6.02,backup,benign,0.441250630246785,0,1,1
.zip,1876,2676,3574,164,2.74,system_update,benign,1.4264392316490195,0,0,1
.txt,1764,782,1706,136,3.09,user_edit,benign,0.443310657345062,0,0,1
.docx,521,3049,1723,58,2.99,unknown_process,benign,5.852207282433383,0,0,1
.log,1017,2106,2223,101,3.44,backup,benign,2.07079645814081,0,0,1
.pdf,117,3868,2793,112,4.89,system_update,benign,33.05982877726642,0,1,1
.jpg,2434,4977,1698,173,2.61,backup,benign,2.044782250597871,0,0,1
.log,584,4543,1445,62,6.77,unknown_process,malicious,7.779109575720703,0,1,1
.log,395,2114,3206,39,3.64,system_update,benign,5.351898720628104,0,0,1
.exe,3789,3971,3463,58,2.89,user_edit,benign,1.048033781723929,1,0,1
.pdf,2769,1992,1760,99,5.72,system_update,benign,0.7193932825137619,0,1,1
.log,4168,1068,1525,192,2.21,backup,benign,0.2562380037772941,0,0,1
.log,3861,1578,665,44,5.41,backup,benign,0.4087024085965547,0,1,1
.pdf,274,1012,33,29,5.84,backup,benign,3.693430643454633,0,1,1
.pdf,2014,2275,2103,59,3.18,backup,benign,1.1295928494887821,0,0,1
.log,4434,4870,2567,71,2.23,user_edit,benign,1.0983310777856718,0,0,1
.pdf,1390,1815,2804,92,4.0,system_update,benign,1.3057553947440608,0,0,1
.log,3567,2427,2060,9,2.54,user_edit,benign,0.6804037003979805,0,0,0
.log,4703,4403,1552,127,2.64,user_edit,benign,0.9362109289950646,0,0,1
.exe,166,4875,720,134,3.4,user_edit,benign,29.367469702605604,1,0,1
.txt,1568,2552,2603,157,3.63,backup,benign,1.627551019370184,0,0,1
.log,729,3658,2421,186,4.91,backup,benign,5.017832640579105,0,1,1
.docx,2044,8,484,145,5.73,backup,benign,0.003913894322938408,0,1,1
.jpg,4198,2556,973,144,5.26,system_update,benign,0.6088613624085608,0,1,1
.zip,3497,476,3300,131,2.82,unknown_process,benign,0.13611667139373274,0,0,1
.txt,779,2212,2671,21,2.95,backup,benign,2.8395378654177947,0,0,1
.txt,214,485,307,64,6.83,system_update,benign,2.2663551295964712,0,1,1
.txt,3763,4655,457,90,5.07,backup,benign,1.2370449106465466,0,1,1
.exe,1577,2286,2208,36,6.78,backup,benign,1.4495878240649411,1,1,1
.log,2449,4564,331,62,4.04,user_edit,benign,1.8636178024240027,0,1,1
.exe,2937,3526,2824,170,5.38,user_edit,benign,1.2005447731697159,1,1,1
.log,3118,3340,225,76,4.88,user_edit,benign,1.0711994865069918,0,1,1
.exe,592,2823,3031,170,3.76,system_update,benign,4.768581073026046,1,0,1
.exe,2721,4944,2777,189,4.58,unknown_process,benign,1.8169790511514228,1,1,1
.jpg,714,2925,3576,13,4.76,unknown_process,benign,4.0966386497245955,0,1,1
.docx,936,259,1480,11,3.1,system_update,benign,0.276709401413772,0,0,1
.exe,4338,283,3117,54,3.73,backup,benign,0.06523743659169261,1,0,1
.jpg,2,1899,3286,16,6.35,system_update,benign,949.4995252502373,0,1,1
.pdf,2849,4136,1083,8,7.04,backup,benign,1.4517374512278916,0,1,0
.docx,4045,2977,644,104,3.98,system_update,benign,0.735970333563419,0,0,1
.exe,1950,2268,616,59,3.69,system_update,benign,1.1630769224804733,1,0,1
.zip,918,3201,195,57,3.07,system_update,benign,3.4869281007767667,0,0,1
.txt,3175,613,489,40,5.73,unknown_process,benign,0.19307086608092258,0,1,1
.pdf,2242,688,2205,187,3.78,user_edit,benign,0.30686886694608884,0,0,1
.pdf,90,3691,2658,130,7.43,system_update,benign,41.011110655432105,0,1,1
.jpg,1710,613,1250,94,3.79,unknown_process,benign,0.35847953195410553,0,0,1
.pdf,2170,2308,2460,138,4.17,user_edit,benign,1.0635944695559474,0,1,1
.docx,4239,3014,3277,44,5.32,user_edit,benign,0.7110167490655775,0,1,1
.exe,3042,1782,1103,139,6.41,system_update,benign,0.585798816375477,1,1,1
.exe,106,2592,1148,80,4.58,backup,benign,24.452829957992172,1,1,1
.zip,887,2697,2519,81,4.32,backup,benign,3.040586242344322,0,1,1
.txt,428,3959,1242,2,7.48,backup,benign,9.24999997838785,0,1,0
.jpg,1896,575,516,178,2.06,system_update,benign,0.30327004203414026,0,0,1
.txt,317,1911,1626,140,6.92,backup,benign,6.028391148175422,0,1,1
.pdf,635,3605,1128,115,2.82,unknown_process,benign,5.677165345390291,0,0,1
.zip,1926,670,393,90,6.32,unknown_process,malicious,0.3478712355410845,0,1,1
.txt,2057,4365,631,23,5.4,unknown_process,benign,2.122022361632464,0,1,1
.docx,3145,1284,1848,146,3.88,unknown_process,benign,0.40826709049021714,0,0,1
.exe,2271,924,2656,62,6.81,user_edit,benign,0.4068692204285032,1,1,1
.pdf,1440,1126,980,113,2.07,unknown_process,benign,0.7819444439014274,0,0,1
.zip,553,1530,434,128,3.25,backup,benign,2.766726938939011,0,0,1
.txt,716,1595,3403,62,5.12,system_update,benign,2.2276536281736683,0,1,1
.jpg,3912,247,3215,38,3.93,backup,benign,0.06313905928856364,0,0,1
.docx,1714,3712,2588,195,5.36,unknown_process,benign,2.1656942811168642,0,1,1
.docx,3390,1561,278,166,2.13,user_edit,benign,0.4604719762653475,0,0,1
.txt,1108,2401,233,195,2.64,unknown_process,benign,2.166967507069524,0,0,1
.exe,4207,2244,1553,61,2.7,system_update,benign,0.533396719626005,1,0,1
.txt,251,3865,1595,129,3.04,backup,benign,15.39840631315376,0,0,1
.pdf,2431,1940,1114,173,4.53,system_update,benign,0.7980255035795865,0,1,1
.txt,2055,3070,3564,156,6.14,system_update,benign,1.4939172742122058,0,1,1
.docx,459,227,3271,149,6.98,system_update,benign,0.4945533758288598,0,1,1
.zip,208,3548,2410,122,6.59,backup,benign,17.05769222568417,0,1,1
.txt,900,265,3513,110,3.08,unknown_process,benign,0.29444444411728393,0,0,1
.exe,3462,1396,26,13,4.43,system_update,benign,0.4032351240891869,1,1,1
.zip,3386,3558,3097,155,3.1,backup,benign,1.0507974007528655,0,0,1
.jpg,22,646,1418,100,3.45,user_edit,benign,29.36363502892568,0,0,1
.log,410,2991,2555,135,4.77,backup,benign,7.295121933426532,0,1,1
.txt,895,1900,3373,22,2.37,user_edit,benign,2.122905025561,0,0,1
.exe,515,2505,3411,74,3.2,backup,benign,4.8640776604581015,1,0,1
.zip,4905,2773,2315,181,7.14,unknown_process,malicious,0.5653414881620098,0,1,1
.exe,4970,1155,461,132,4.56,system_update,benign,0.23239436615042366,1,1,1
.jpg,4110,588,2504,23,4.45,unknown_process,benign,0.14306569339584777,0,1,1
.docx,2135,4572,3432,119,2.08,backup,benign,2.1414519896292967,0,0,1
.exe,3596,1822,1092,70,3.36,system_update,benign,0.5066740821727825,1,0,1
.zip,2957,986,1007,84,6.76,user_edit,benign,0.3334460600833798,0,1,1
.exe,1561,4080,2911,101,2.91,backup,benign,2.6137091591199813,1,0,1
.exe,1267,3349,3484,84,4.28,system_update,benign,2.643251773762232,1,1,1
.exe,2170,3832,1995,161,2.08,user_edit,benign,1.7658986166977426,1,0,1
.pdf,3639,1242,491,28,4.63,user_edit,benign,0.34130255555336564,0,1,1
.pdf,750,190,1073,136,2.12,unknown_process,benign,0.25333333299555555,0,0,1
.docx,3428,981,2612,1,6.51,backup,benign,0.2861726953657606,0,1,0
.txt,4781,1699,3174,165,6.54,user_edit,benign,0.35536498633018926,0,1,1
.exe,1928,1716,216,63,6.33,system_update,benign,0.8900414933142938,1,1,1
.jpg,3805,2594,3510,22,3.56,user_edit,benign,0.6817345596105823,0,0,1
.txt,3703,4137,1724,70,6.6,user_edit,benign,1.1172022681293,0,1,1
.jpg,2357,4434,1593,125,4.99,unknown_process,benign,1.8812049207122594,0,1,1
.txt,4791,1099,2607,149,4.06,unknown_process,benign,0.2293884366041769,0,1,1
.docx,2336,2327,159,96,5.44,system_update,benign,0.9961472598475397,0,1,1
.exe,307,3248,2537,163,2.07,unknown_process,benign,10.579804525798682,1,0,1
.exe,3666,896,686,79,2.79,user_edit,benign,0.24440807412863938,1,0,1
.log,1990,1675,3314,5,6.08,user_edit,benign,0.8417085422905987,0,1,0
.jpg,662,2910,2842,60,3.34,unknown_process,benign,4.395770386109108,0,0,1
.txt,4645,931,1777,120,5.29,user_edit,benign,0.20043057046277057,0,1,1
.txt,312,4385,2053,46,4.12,user_edit,benign,14.054487134440746,0,1,1
.pdf,2921,724,1844,178,6.7,system_update,benign,0.24786032172274552,0,1,1
.log,1083,2941,2409,176,7.24,unknown_process,malicious,2.7156047989698937,0,1,1
.zip,2972,1090,2507,134,6.86,user_edit,benign,0.366756392877942,0,1,1
.zip,755,4579,2296,56,3.49,unknown_process,benign,6.0649006542186745,0,0,1
.pdf,4131,936,1590,110,3.07,system_update,benign,0.22657952064231915,0,0,1
.pdf,4541,2296,1697,187,4.61,unknown_process,benign,0.5056155030817847,0,1,1
.pdf,353,156,2994,157,2.04,user_edit,benign,0.44192634435714917,0,0,1
.jpg,903,1071,2470,199,2.14,unknown_process,benign,1.1860465103144557,0,0,1
.jpg,3889,1959,1947,104,5.04,user_edit,benign,0.5037284647714764,0,1,1
.docx,159,2502,2063,77,4.86,user_edit,benign,15.73584895763617,0,1,1
.docx,1978,4220,2784,146,7.47,user_edit,benign,2.133468148567508,0,1,1
.pdf,957,3831,1146,2,3.11,system_update,benign,4.00313479205524,0,0,0
.log,2072,855,2325,8,3.42,unknown_process,benign,0.41264478744563476,0,0,0
.txt,404,640,1582,75,2.62,system_update,benign,1.5841584119204,0,0,1
.jpg,4612,2239,2501,182,7.05,unknown_process,malicious,0.48547267986004494,0,1,1
.log,2780,1603,3462,125,6.28,system_update,benign,0.5766187048285545,0,1,1
.exe,1388,442,3366,38,6.52,backup,benign,0.31844380380515575,1,1,1
.jpg,3454,4629,2646,176,6.97,user_edit,benign,1.3401852920265822,0,1,1
.jpg,956,1337,2494,27,4.89,user_edit,benign,1.398535563390653,0,1,1
.docx,1713,3701,2258,20,4.48,system_update,benign,2.1605370682075087,0,1,1
.txt,4704,949,2762,140,3.82,backup,benign,0.20174319723602396,0,0,1
.txt,1274,3374,2350,43,5.24,user_edit,benign,2.648351646272879,0,1,1
.zip,3812,460,1933,189,4.5,unknown_process,benign,0.12067156345207987,0,1,1
.zip,2626,4647,3295,31,4.48,system_update,benign,1.7696115758683886,0,1,1
.zip,2383,393,1758,91,7.15,user_edit,benign,0.1649181703042727,0,1,1
.zip,1442,3939,2051,61,7.41,user_edit,benign,2.7316227442915237,0,1,1
.exe,2980,1788,990,195,6.38,system_update,benign,0.5999999997986577,1,1,1
.exe,1798,4941,1542,109,6.16,system_update,benign,2.7480533911301146,1,1,1
.jpg,4391,2258,1117,91,5.74,unknown_process,malicious,0.5142336596414863,0,1,1
.pdf,4010,1139,2568,163,2.91,unknown_process,benign,0.2840399001785437,0,0,1
.docx,4851,3809,3500,95,2.33,user_edit,benign,0.7851989278942075,0,0,1
.docx,1395,4742,493,143,5.8,user_edit,benign,3.3992831516851014,0,1,1
.zip,4282,2455,3307,144,6.01,system_update,benign,0.573330219389694,0,1,1
.jpg,1270,1467,620,13,2.26,user_edit,benign,1.1551181093266785,0,0,1
.log,4733,3675,3233,113,7.1,user_edit,benign,0.7764631310423699,0,1,1
.pdf,3715,1378,2379,35,2.5,system_update,benign,0.3709286674640838,0,0,1
.jpg,530,2598,2381,187,3.57,user_edit,benign,4.901886783203987,0,0,1
.pdf,3624,142,2098,149,5.7,user_edit,benign,0.03918322294724525,0,1,1
.pdf,2959,2660,1547,182,2.93,backup,benign,0.8989523484626725,0,0,1
.pdf,2915,4597,863,158,2.3,unknown_process,benign,1.577015436851796,0,0,1
.jpg,4890,840,1692,48,3.82,system_update,benign,0.1717791410691658,0,0,1
.zip,3592,3619,3564,35,6.21,backup,benign,1.0075167035057024,0,1,1
.docx,2148,3918,1606,86,4.28,unknown_process,benign,1.8240223455195428,0,1,1
.docx,4574,596,2320,166,5.59,unknown_process,malicious,0.13030170526228646,0,1,1
.zip,3370,1905,580,159,5.19,unknown_process,benign,0.5652818989420528,0,1,1
.pdf,940,281,1891,152,2.12,backup,benign,0.29893616989474875,0,0,1
.log,526,424,1276,114,7.44,backup,benign,0.8060836486576356,0,1,1
.txt,2,4366,2608,177,2.23,unknown_process,benign,2182.9989085005454,0,0,1
.jpg,375,4250,2744,100,7.32,user_edit,benign,11.333333303111111,0,1,1
.txt,2341,1751,1856,160,5.02,user_edit,benign,0.7479709522648565,0,1,1
.zip,4006,4758,3162,183,7.3,backup,benign,1.1877184220699655,0,1,1
.log,3053,1968,2494,186,2.63,backup,benign,0.6446118569785091,0,0,1
.jpg,4649,4089,3065,99,4.7,backup,benign,0.8795439877652088,0,1,1
